{
    "pol": [
        161.14670546203945,
        0,
        -0.00258314253679925,
        6.035124622290237e-06,
        -2.5573236046748687e-08
    ],
    "width": 640,
    "height": 480,
    "xc": 321.3651091048847,
    "yc": 236.25516320600983,
    "c": 1.0,
    "d": 0.0,
    "e": 0.0,
    "shift_cx": 1.3651091048847093,
    "shift_cy": -3.7448367939901743,
    "invpol": [
        246.6005264081955,
        -144.46050086323186,
        -6.623493739381609,
        -18.73714768763699,
        14.831092227948636,
        2.799534643010187,
        0.22537325854693227,
        -4.961875735775215,
        1.7473552065831635
    ]
}